id,title,done,priority,due
1,Buy groceries,False,medium,2024-01-01
2,Read a book,False,medium,2099-12-31
3,Call dentist,False,medium,None
4,Buy groceries,False,low,None
5,Finish project,False,high,None
6,Read a book,False,medium,None
7,Buy groceries,False,medium,None
8,Buy clothes,False,medium,None
9,Read a book,False,medium,None
10,Call dentist,False,medium,None
11,Buy groceries,False,medium,None
12,Buy clothes,False,medium,None
13,Read a book,False,medium,None
14,Call dentist,False,medium,None
